year_month,region,product_category,orders,units_sold,net_revenue,gross_profit,margin_pct,avg_delivery_days,on_time_rate,return_rate,backorder_rate
2024-01,Midwest,Apparel,28,808,28541.09,12561.11,0.4401,3.24,0.6071,0.1429,0.0357
2024-01,Midwest,Electronics,28,135,79003.0,17897.67,0.2265,3.29,0.5,0.0714,0.0714
2024-01,Midwest,Furniture,23,76,25541.81,7749.73,0.3034,5.84,0.5217,0.087,0.0435
2024-01,Midwest,Industrial,42,604,107917.27,45135.27,0.4182,4.03,0.8571,0.0,0.0238
2024-01,Midwest,Office Supplies,38,1831,54264.01,23346.62,0.4302,3.62,0.7105,0.0263,0.1053
2024-01,Northeast,Apparel,34,574,24106.1,10695.73,0.4437,4.53,0.5,0.1176,0.0294
2024-01,Northeast,Electronics,39,168,79275.07,17940.7,0.2263,4.44,0.7179,0.0513,0.0256
2024-01,Northeast,Furniture,34,134,37879.07,10844.45,0.2863,6.77,0.5882,0.0294,0.0588
2024-01,Northeast,Industrial,25,316,50740.61,18974.71,0.374,5.11,0.64,0.04,0.08
2024-01,Northeast,Office Supplies,50,2741,81126.15,34248.13,0.4222,4.36,0.84,0.0,0.0
2024-01,Southeast,Apparel,24,432,17012.64,7184.67,0.4223,4.32,0.7917,0.25,0.0417
2024-01,Southeast,Electronics,54,225,119783.96,18937.1,0.1581,5.07,0.4444,0.1667,0.1111
2024-01,Southeast,Furniture,27,96,34011.88,10171.17,0.299,6.3,0.7407,0.037,0.0741
2024-01,Southeast,Industrial,29,312,51333.99,19959.2,0.3888,5.16,0.7586,0.069,0.069
2024-01,Southeast,Office Supplies,33,1377,48084.62,20423.6,0.4247,4.47,0.7273,0.0909,0.1212
2024-01,Southwest,Apparel,27,521,22710.42,11278.97,0.4966,5.27,0.7407,0.1111,0.037
2024-01,Southwest,Electronics,36,154,100150.1,24156.27,0.2412,5.42,0.7222,0.0833,0.0556
2024-01,Southwest,Furniture,33,134,42205.6,9035.02,0.2141,8.37,0.1515,0.1212,0.1212
2024-01,Southwest,Industrial,16,200,45889.69,17310.37,0.3772,6.52,0.75,0.0,0.0625
2024-01,Southwest,Office Supplies,31,1351,40020.19,16675.8,0.4167,5.4,0.6774,0.0323,0.0323
2024-01,West,Apparel,43,787,31276.28,12589.23,0.4025,5.08,0.6744,0.2093,0.0465
2024-01,West,Electronics,30,131,80176.4,19435.86,0.2424,5.72,0.7333,0.0333,0.0667
2024-01,West,Furniture,21,70,20101.38,5375.04,0.2674,6.58,0.7143,0.0952,0.0
2024-01,West,Industrial,28,324,52983.36,19967.75,0.3769,6.12,0.75,0.0357,0.0
2024-01,West,Office Supplies,31,1578,49930.55,20062.29,0.4018,5.45,0.8065,0.0323,0.0323
2024-02,Midwest,Apparel,24,537,21538.5,9876.59,0.4586,3.53,0.6667,0.0833,0.0417
2024-02,Midwest,Electronics,37,151,74151.22,16178.36,0.2182,3.21,0.7568,0.1081,0.0811
2024-02,Midwest,Furniture,24,86,29078.68,8501.55,0.2924,5.15,0.7083,0.0,0.0417
2024-02,Midwest,Industrial,41,528,90483.19,36787.09,0.4066,4.04,0.9756,0.0488,0.0244
2024-02,Midwest,Office Supplies,35,1281,48406.05,20760.27,0.4289,3.78,0.6857,0.0286,0.0286
2024-02,Northeast,Apparel,22,425,14732.99,6802.62,0.4617,4.67,0.5,0.0455,0.0
2024-02,Northeast,Electronics,56,217,144551.6,30794.45,0.213,4.47,0.5893,0.0893,0.0893
2024-02,Northeast,Furniture,32,129,43458.38,12884.22,0.2965,6.13,0.75,0.0313,0.0313
2024-02,Northeast,Industrial,25,322,53148.79,20508.7,0.3859,5.36,0.6,0.04,0.0
2024-02,Northeast,Office Supplies,39,1545,45613.91,19777.57,0.4336,4.27,0.7949,0.0256,0.0256
2024-02,Southeast,Apparel,24,549,19720.6,9646.41,0.4892,3.82,0.8333,0.0,0.0
2024-02,Southeast,Electronics,40,168,89217.22,10676.93,0.1197,5.13,0.325,0.15,0.1
2024-02,Southeast,Furniture,22,66,18876.65,5481.44,0.2904,5.49,0.6818,0.0,0.1364
2024-02,Southeast,Industrial,15,190,31397.25,11342.93,0.3613,5.25,0.7333,0.2,0.0667
2024-02,Southeast,Office Supplies,27,1036,33024.88,13996.24,0.4238,4.12,0.8889,0.0,0.0
2024-02,Southwest,Apparel,16,370,15383.55,7863.75,0.5112,5.14,0.75,0.0625,0.0
2024-02,Southwest,Electronics,35,152,64569.98,15029.52,0.2328,5.06,0.6286,0.0857,0.0857
2024-02,Southwest,Furniture,23,99,27642.82,5263.51,0.1904,8.01,0.3043,0.1739,0.2609
2024-02,Southwest,Industrial,24,270,37361.89,13780.41,0.3688,6.0,0.875,0.0417,0.0417
2024-02,Southwest,Office Supplies,24,1196,39214.25,16294.48,0.4155,5.15,0.75,0.0417,0.0
2024-02,West,Apparel,28,359,13223.97,5483.58,0.4147,5.13,0.6429,0.1429,0.0714
2024-02,West,Electronics,39,156,76671.32,17252.76,0.225,5.18,0.6667,0.1026,0.1538
2024-02,West,Furniture,19,61,20537.43,4926.5,0.2399,7.39,0.6842,0.0526,0.0526
2024-02,West,Industrial,32,408,96853.75,34584.64,0.3571,6.32,0.75,0.0938,0.0
2024-02,West,Office Supplies,32,1246,38455.81,15529.31,0.4038,4.95,0.9375,0.0938,0.0313
2024-03,Midwest,Apparel,29,459,17423.57,8382.8,0.4811,3.03,0.6897,0.1034,0.0345
2024-03,Midwest,Electronics,39,189,109049.6,24249.75,0.2224,3.29,0.6923,0.0256,0.0
2024-03,Midwest,Furniture,23,73,25255.35,6775.26,0.2683,4.96,0.7391,0.0435,0.087
2024-03,Midwest,Industrial,33,377,68274.51,28176.2,0.4127,3.29,0.9394,0.0303,0.0606
2024-03,Midwest,Office Supplies,20,904,28627.61,11165.07,0.39,3.45,0.9,0.05,0.05
2024-03,Northeast,Apparel,33,657,28625.96,13173.41,0.4602,4.27,0.7576,0.1212,0.0303
2024-03,Northeast,Electronics,41,153,84227.16,17821.5,0.2116,3.75,0.8049,0.122,0.0244
2024-03,Northeast,Furniture,26,94,33147.53,9553.64,0.2882,5.85,0.8077,0.0385,0.0385
2024-03,Northeast,Industrial,25,251,43809.39,14777.34,0.3373,5.4,0.92,0.08,0.0
2024-03,Northeast,Office Supplies,46,1920,71453.77,30564.68,0.4278,4.04,0.8478,0.0217,0.0
2024-03,Southeast,Apparel,29,839,26815.23,12612.0,0.4703,3.93,0.7931,0.0345,0.0
2024-03,Southeast,Electronics,43,189,97749.54,17205.02,0.176,5.14,0.4651,0.1163,0.093
2024-03,Southeast,Furniture,15,52,16052.57,4749.76,0.2959,6.31,0.6667,0.0,0.1333
2024-03,Southeast,Industrial,32,436,69132.75,27125.26,0.3924,5.46,0.7188,0.0,0.0938
2024-03,Southeast,Office Supplies,32,1569,51126.83,21149.59,0.4137,4.79,0.7188,0.0625,0.0938
2024-03,Southwest,Apparel,29,468,14851.58,5861.36,0.3947,5.13,0.6897,0.1379,0.069
2024-03,Southwest,Electronics,37,159,82947.68,20858.5,0.2515,5.43,0.7027,0.027,0.027
2024-03,Southwest,Furniture,28,77,23523.67,4715.94,0.2005,8.8,0.0714,0.0714,0.1429
2024-03,Southwest,Industrial,37,451,72440.11,25150.66,0.3472,6.44,0.7297,0.0811,0.0541
2024-03,Southwest,Office Supplies,26,1154,39662.74,16937.72,0.427,5.15,0.7692,0.0,0.0385
2024-03,West,Apparel,32,618,26058.94,11713.94,0.4495,6.01,0.4688,0.125,0.0938
2024-03,West,Electronics,38,174,107217.46,26089.66,0.2433,5.41,0.6842,0.0263,0.0263
2024-03,West,Furniture,23,76,23083.58,6100.54,0.2643,6.7,0.6957,0.087,0.0435
2024-03,West,Industrial,23,298,42669.82,15351.55,0.3598,5.9,0.8261,0.0435,0.1739
2024-03,West,Office Supplies,26,981,27970.2,11672.63,0.4173,5.2,0.8462,0.0,0.0769
2024-04,Midwest,Apparel,14,283,11776.18,5266.84,0.4472,2.99,0.8571,0.0714,0.0
2024-04,Midwest,Electronics,38,152,74588.6,16322.64,0.2188,3.64,0.5526,0.1053,0.1053
2024-04,Midwest,Furniture,27,101,32536.56,9276.05,0.2851,4.51,0.7778,0.0741,0.0741
2024-04,Midwest,Industrial,28,369,59488.34,24509.0,0.412,3.39,0.9286,0.0357,0.0357
2024-04,Midwest,Office Supplies,27,1345,43798.87,18068.78,0.4125,3.0,0.8889,0.037,0.0
2024-04,Northeast,Apparel,30,531,18621.53,8800.34,0.4726,4.19,0.6333,0.0333,0.0667
2024-04,Northeast,Electronics,38,172,102891.81,24936.94,0.2424,4.3,0.7632,0.0526,0.0526
2024-04,Northeast,Furniture,23,83,27906.31,7899.8,0.2831,5.6,0.8261,0.0,0.087
2024-04,Northeast,Industrial,30,357,54624.94,20434.62,0.3741,5.25,0.6667,0.0,0.0333
2024-04,Northeast,Office Supplies,34,1765,69036.29,31967.96,0.4631,4.04,0.9118,0.0,0.0
2024-04,Southeast,Apparel,29,630,26893.15,12917.34,0.4803,4.03,0.7241,0.069,0.0345
2024-04,Southeast,Electronics,51,241,125679.12,20914.16,0.1664,5.29,0.3922,0.098,0.1961
2024-04,Southeast,Furniture,31,108,29567.51,8572.53,0.2899,5.91,0.7742,0.0,0.0968
2024-04,Southeast,Industrial,31,380,68813.96,25843.96,0.3756,4.68,0.871,0.0645,0.0645
2024-04,Southeast,Office Supplies,30,1560,51136.98,19699.85,0.3852,4.38,0.8,0.0333,0.0667
2024-04,Southwest,Apparel,22,452,19528.05,8806.39,0.451,5.2,0.7273,0.1364,0.0
2024-04,Southwest,Electronics,38,131,66573.21,16350.02,0.2456,5.13,0.7105,0.0263,0.0789
2024-04,Southwest,Furniture,33,146,43384.63,9472.79,0.2183,8.38,0.2121,0.0606,0.1515
2024-04,Southwest,Industrial,23,314,51635.3,18977.93,0.3675,5.7,0.913,0.0,0.0435
2024-04,Southwest,Office Supplies,29,1469,48089.36,19388.59,0.4032,5.45,0.8621,0.0345,0.0
2024-04,West,Apparel,25,626,26096.3,12768.69,0.4893,5.75,0.6,0.04,0.12
2024-04,West,Electronics,41,172,89182.78,18506.77,0.2075,5.13,0.7561,0.0976,0.0488
2024-04,West,Furniture,23,82,27038.06,7604.94,0.2813,6.68,0.8261,0.0435,0.087
2024-04,West,Industrial,24,288,40585.22,14464.17,0.3564,5.45,0.9583,0.0833,0.0
2024-04,West,Office Supplies,30,1567,47079.13,19525.16,0.4147,5.47,0.6333,0.0,0.0333
2024-05,Midwest,Apparel,31,487,19915.48,9051.33,0.4545,3.44,0.6452,0.0968,0.129
2024-05,Midwest,Electronics,35,125,79191.97,18150.13,0.2292,3.27,0.8286,0.0857,0.0286
2024-05,Midwest,Furniture,30,105,34428.74,9766.46,0.2837,5.21,0.6667,0.1,0.1333
2024-05,Midwest,Industrial,41,493,79072.52,34518.58,0.4365,3.37,0.878,0.0,0.0244
2024-05,Midwest,Office Supplies,26,1066,32596.72,13761.31,0.4222,3.21,0.7692,0.0385,0.0385
2024-05,Northeast,Apparel,25,598,22217.1,10658.55,0.4797,4.03,0.8,0.12,0.0
2024-05,Northeast,Electronics,37,156,86157.32,19456.08,0.2258,3.98,0.7297,0.0811,0.1081
2024-05,Northeast,Furniture,30,103,35303.2,9965.73,0.2823,5.7,0.8333,0.0333,0.0667
2024-05,Northeast,Industrial,33,413,84934.76,32028.32,0.3771,5.12,0.6667,0.0,0.0303
2024-05,Northeast,Office Supplies,31,1329,37944.63,16460.94,0.4338,4.0,0.871,0.0,0.0
2024-05,Southeast,Apparel,21,462,19007.37,9308.85,0.4897,3.99,0.8095,0.0,0.0
2024-05,Southeast,Electronics,43,198,110376.71,15879.62,0.1439,4.77,0.4884,0.093,0.1395
2024-05,Southeast,Furniture,22,98,24512.11,6740.94,0.275,5.12,0.7273,0.0909,0.0909
2024-05,Southeast,Industrial,22,253,40191.48,15292.61,0.3805,5.59,0.6364,0.0909,0.0455
2024-05,Southeast,Office Supplies,37,1913,76928.55,33860.89,0.4402,4.48,0.7027,0.0,0.0811
2024-05,Southwest,Apparel,24,373,13274.29,5854.8,0.4411,4.98,0.8333,0.0417,0.0
2024-05,Southwest,Electronics,36,174,72730.81,16985.58,0.2335,4.91,0.75,0.0278,0.0833
2024-05,Southwest,Furniture,20,72,18854.07,4300.08,0.2281,9.32,0.05,0.05,0.4
2024-05,Southwest,Industrial,13,161,26664.32,9878.88,0.3705,5.72,0.9231,0.0,0.0769
2024-05,Southwest,Office Supplies,28,1144,29942.13,11459.21,0.3827,5.04,0.75,0.1071,0.0357
2024-05,West,Apparel,34,728,29039.97,12492.47,0.4302,5.45,0.6176,0.2059,0.0882
2024-05,West,Electronics,36,178,73399.68,16303.67,0.2221,5.44,0.75,0.1389,0.0
2024-05,West,Furniture,24,71,19909.59,5465.31,0.2745,7.2,0.75,0.0417,0.1667
2024-05,West,Industrial,31,400,73091.28,27364.25,0.3744,6.41,0.6774,0.0323,0.0968
2024-05,West,Office Supplies,19,966,31434.56,13559.28,0.4313,5.47,0.8421,0.0526,0.0
2024-06,Midwest,Apparel,24,498,18856.12,8738.15,0.4634,3.39,0.625,0.125,0.0417
2024-06,Midwest,Electronics,32,146,71981.83,16007.71,0.2224,2.71,0.8125,0.0625,0.0313
2024-06,Midwest,Furniture,31,97,24953.28,6612.92,0.265,5.06,0.7742,0.0968,0.129
2024-06,Midwest,Industrial,42,472,89192.16,38360.02,0.4301,3.59,0.8333,0.0,0.1429
2024-06,Midwest,Office Supplies,21,1211,33928.02,14460.43,0.4262,3.56,0.619,0.0,0.0952
2024-06,Northeast,Apparel,21,429,20004.0,10121.6,0.506,4.3,0.8095,0.0,0.0476
2024-06,Northeast,Electronics,32,128,54682.61,12196.93,0.223,4.25,0.7813,0.0625,0.0625
2024-06,Northeast,Furniture,35,142,45565.13,12094.75,0.2654,5.81,0.7714,0.1714,0.0857
2024-06,Northeast,Industrial,28,339,49380.55,17430.02,0.353,4.57,0.8214,0.0714,0.0714
2024-06,Northeast,Office Supplies,38,2004,60987.27,26506.77,0.4346,4.2,0.7895,0.0263,0.0
2024-06,Southeast,Apparel,30,710,21086.96,9991.04,0.4738,3.98,0.7,0.0333,0.1
2024-06,Southeast,Electronics,45,209,95867.83,14737.47,0.1537,5.64,0.3111,0.1111,0.2222
2024-06,Southeast,Furniture,28,78,22336.02,6092.82,0.2728,5.31,0.7857,0.0357,0.1786
2024-06,Southeast,Industrial,29,413,65058.2,24949.97,0.3835,5.33,0.7241,0.0,0.1379
2024-06,Southeast,Office Supplies,40,2063,78391.25,35616.61,0.4543,4.17,0.825,0.025,0.025
2024-06,Southwest,Apparel,17,233,7615.24,3579.76,0.4701,5.58,0.7059,0.0588,0.0588
2024-06,Southwest,Electronics,35,184,85847.41,18969.78,0.221,5.5,0.5714,0.0857,0.1429
2024-06,Southwest,Furniture,30,118,32430.42,6383.41,0.1968,8.97,0.2333,0.1667,0.2667
2024-06,Southwest,Industrial,25,290,44900.23,15947.88,0.3552,5.83,0.76,0.0,0.08
2024-06,Southwest,Office Supplies,18,1129,24010.14,9245.91,0.3851,5.19,0.7778,0.0556,0.1111
2024-06,West,Apparel,32,756,26448.55,10493.11,0.3967,5.72,0.5625,0.25,0.0313
2024-06,West,Electronics,26,100,67823.59,17077.44,0.2518,5.0,0.8077,0.1154,0.0
2024-06,West,Furniture,29,108,40824.44,11129.73,0.2726,6.65,0.5862,0.069,0.0345
2024-06,West,Industrial,20,188,33878.21,11664.4,0.3443,6.46,0.65,0.05,0.05
2024-06,West,Office Supplies,16,855,25509.09,9992.94,0.3917,5.42,0.8125,0.0,0.0
2024-07,Midwest,Apparel,19,438,16170.88,7268.48,0.4495,2.95,0.7368,0.2105,0.0
2024-07,Midwest,Electronics,26,117,68221.05,16642.88,0.244,2.69,0.8846,0.0385,0.0
2024-07,Midwest,Furniture,17,74,23190.26,6765.95,0.2918,4.94,0.6471,0.0588,0.0
2024-07,Midwest,Industrial,25,382,54325.56,21968.5,0.4044,3.8,0.92,0.0,0.08
2024-07,Midwest,Office Supplies,33,1729,58208.3,25869.33,0.4444,3.09,0.7576,0.0303,0.0
2024-07,Northeast,Apparel,31,524,21486.44,8960.92,0.4171,4.25,0.7097,0.1613,0.0645
2024-07,Northeast,Electronics,37,150,92267.9,22883.84,0.248,3.99,0.8108,0.0541,0.027
2024-07,Northeast,Furniture,22,88,29264.2,8601.04,0.2939,6.46,0.5455,0.0455,0.0909
2024-07,Northeast,Industrial,32,340,48134.14,17657.21,0.3668,4.77,0.8438,0.0313,0.0625
2024-07,Northeast,Office Supplies,39,2197,77382.37,35369.38,0.4571,3.79,0.8718,0.0256,0.0513
2024-07,Southeast,Apparel,28,544,19261.19,8893.15,0.4617,4.26,0.75,0.1071,0.0
2024-07,Southeast,Electronics,50,227,104015.11,17175.05,0.1651,5.02,0.42,0.06,0.18
2024-07,Southeast,Furniture,23,92,26697.79,7367.21,0.2759,5.78,0.7391,0.0,0.0435
2024-07,Southeast,Industrial,25,269,47444.38,18428.06,0.3884,5.35,0.88,0.04,0.04
2024-07,Southeast,Office Supplies,33,1558,49068.95,20695.54,0.4218,4.32,0.8485,0.0,0.0303
2024-07,Southwest,Apparel,26,615,22194.32,10033.41,0.4521,5.07,0.7308,0.1538,0.0769
2024-07,Southwest,Electronics,39,158,65677.89,14498.04,0.2207,4.64,0.8205,0.1026,0.0
2024-07,Southwest,Furniture,25,87,28438.23,5998.44,0.2109,8.47,0.12,0.04,0.08
2024-07,Southwest,Industrial,28,315,41196.99,15358.27,0.3728,5.7,0.8929,0.0,0.0357
2024-07,Southwest,Office Supplies,26,1008,30146.3,11776.37,0.3906,5.17,0.7308,0.0,0.0385
2024-07,West,Apparel,21,333,11568.51,4607.39,0.3983,5.52,0.7143,0.2857,0.0
2024-07,West,Electronics,35,183,72112.57,16998.16,0.2357,5.34,0.7143,0.0571,0.0857
2024-07,West,Furniture,22,78,27842.15,8046.0,0.289,7.28,0.7273,0.0909,0.0909
2024-07,West,Industrial,32,462,81460.33,29125.94,0.3575,6.22,0.6563,0.0,0.0
2024-07,West,Office Supplies,25,1087,38484.6,15304.68,0.3977,5.74,0.72,0.04,0.0
2024-08,Midwest,Apparel,38,607,21632.13,9457.92,0.4372,3.06,0.7895,0.1316,0.0789
2024-08,Midwest,Electronics,28,100,55129.78,12895.47,0.2339,3.46,0.7857,0.1429,0.0714
2024-08,Midwest,Furniture,21,69,19178.39,5056.34,0.2636,5.15,0.7143,0.1429,0.0476
2024-08,Midwest,Industrial,30,420,64348.69,26353.53,0.4095,2.74,1.0,0.0,0.0
2024-08,Midwest,Office Supplies,32,1542,47083.79,20174.18,0.4285,3.57,0.625,0.0625,0.0625
2024-08,Northeast,Apparel,22,462,19615.0,9251.12,0.4716,3.94,0.7727,0.0455,0.0455
2024-08,Northeast,Electronics,53,248,113758.61,23024.92,0.2024,3.95,0.7547,0.1321,0.0377
2024-08,Northeast,Furniture,17,59,20139.39,5489.98,0.2726,5.15,0.8235,0.1176,0.0
2024-08,Northeast,Industrial,28,333,47735.1,18090.02,0.379,5.11,0.7857,0.0357,0.0
2024-08,Northeast,Office Supplies,51,2326,76358.57,33507.31,0.4388,4.23,0.8039,0.0392,0.0196
2024-08,Southeast,Apparel,43,888,37185.18,17368.68,0.4671,4.81,0.5581,0.093,0.0233
2024-08,Southeast,Electronics,55,225,111475.01,18411.74,0.1652,5.23,0.2909,0.0727,0.1091
2024-08,Southeast,Furniture,24,94,31593.93,9088.22,0.2877,6.37,0.6667,0.125,0.0417
2024-08,Southeast,Industrial,19,249,44404.86,17783.98,0.4005,5.45,0.6316,0.0526,0.0526
2024-08,Southeast,Office Supplies,37,1623,59644.14,23419.12,0.3926,4.59,0.7027,0.0541,0.0541
2024-08,Southwest,Apparel,24,371,11996.51,5017.82,0.4183,5.22,0.75,0.1667,0.0417
2024-08,Southwest,Electronics,29,137,88948.6,18713.07,0.2104,5.47,0.6897,0.1034,0.1034
2024-08,Southwest,Furniture,26,84,26168.55,5573.28,0.213,8.63,0.1154,0.1923,0.1538
2024-08,Southwest,Industrial,17,236,41331.09,14693.67,0.3555,6.33,0.7059,0.0588,0.0
2024-08,Southwest,Office Supplies,29,1280,33715.59,13200.27,0.3915,4.9,0.7586,0.069,0.0
2024-08,West,Apparel,27,421,14291.68,5364.83,0.3754,5.43,0.8148,0.2222,0.0
2024-08,West,Electronics,28,126,75697.63,18291.22,0.2416,4.58,0.8214,0.0357,0.0357
2024-08,West,Furniture,29,84,25763.17,6913.87,0.2684,7.4,0.6897,0.069,0.1034
2024-08,West,Industrial,23,262,46501.84,16607.87,0.3571,5.8,0.8261,0.087,0.0
2024-08,West,Office Supplies,38,1892,61532.58,26040.94,0.4232,5.4,0.8158,0.0263,0.0789
2024-09,Midwest,Apparel,33,665,26191.39,11775.43,0.4496,3.4,0.697,0.0606,0.0303
2024-09,Midwest,Electronics,30,141,79504.27,17432.23,0.2193,2.93,0.7667,0.0667,0.0
2024-09,Midwest,Furniture,19,58,16914.4,4992.75,0.2952,4.01,0.8421,0.0,0.0
2024-09,Midwest,Industrial,30,370,56537.0,23208.1,0.4105,3.61,0.9333,0.0,0.1
2024-09,Midwest,Office Supplies,45,1740,59574.5,25171.92,0.4225,3.45,0.7778,0.0222,0.0444
2024-09,Northeast,Apparel,18,432,16601.21,7727.22,0.4655,3.7,0.8333,0.0556,0.0
2024-09,Northeast,Electronics,47,208,89685.51,21068.98,0.2349,4.06,0.8298,0.0638,0.0851
2024-09,Northeast,Furniture,14,53,13980.16,3322.12,0.2376,5.7,0.8571,0.2857,0.0714
2024-09,Northeast,Industrial,37,332,45510.03,16050.76,0.3527,5.07,0.8108,0.1081,0.0541
2024-09,Northeast,Office Supplies,39,1592,57809.4,25121.41,0.4346,4.1,0.8205,0.0,0.0256
2024-09,Southeast,Apparel,23,486,19817.02,9004.4,0.4544,4.65,0.5652,0.087,0.1304
2024-09,Southeast,Electronics,45,206,101563.76,16724.19,0.1647,5.8,0.3333,0.1111,0.2222
2024-09,Southeast,Furniture,28,110,32059.05,9308.65,0.2904,6.87,0.4643,0.0714,0.1786
2024-09,Southeast,Industrial,39,493,79261.2,30579.75,0.3858,5.44,0.8205,0.0256,0.0513
2024-09,Southeast,Office Supplies,20,958,30008.5,12640.46,0.4212,4.4,0.8,0.05,0.05
2024-09,Southwest,Apparel,25,507,17875.48,7990.06,0.447,5.25,0.56,0.04,0.04
2024-09,Southwest,Electronics,39,184,84699.53,19985.6,0.236,4.98,0.6923,0.0513,0.0769
2024-09,Southwest,Furniture,38,130,42256.49,9024.08,0.2136,8.34,0.2632,0.1316,0.0789
2024-09,Southwest,Industrial,18,211,31344.75,10672.52,0.3405,5.92,0.7222,0.1111,0.0
2024-09,Southwest,Office Supplies,32,1603,59389.29,25108.1,0.4228,5.05,0.8125,0.0313,0.0625
2024-09,West,Apparel,31,498,17817.01,6455.05,0.3623,4.83,0.7097,0.2581,0.0
2024-09,West,Electronics,27,120,51139.52,10912.21,0.2134,5.4,0.7407,0.0741,0.1111
2024-09,West,Furniture,20,72,29459.87,8436.94,0.2864,7.08,0.9,0.0,0.0
2024-09,West,Industrial,25,293,38591.99,13351.6,0.346,6.59,0.72,0.08,0.12
2024-09,West,Office Supplies,35,1584,48582.24,19387.5,0.3991,5.41,0.7143,0.0857,0.1143
2024-10,Midwest,Apparel,29,546,21904.05,9812.6,0.448,3.16,0.7586,0.1724,0.069
2024-10,Midwest,Electronics,42,151,74983.52,17200.27,0.2294,3.66,0.619,0.0238,0.119
2024-10,Midwest,Furniture,19,92,30254.74,9020.68,0.2982,5.3,0.7895,0.0,0.0
2024-10,Midwest,Industrial,35,429,80141.1,33363.49,0.4163,3.55,0.9429,0.0,0.0
2024-10,Midwest,Office Supplies,27,1062,35430.6,15141.59,0.4274,3.53,0.6667,0.0741,0.037
2024-10,Northeast,Apparel,31,660,27515.98,12540.77,0.4558,4.4,0.6774,0.1935,0.0968
2024-10,Northeast,Electronics,43,188,78332.49,17045.72,0.2176,4.25,0.6512,0.093,0.0
2024-10,Northeast,Furniture,25,87,27498.32,7466.36,0.2715,6.14,0.72,0.04,0.0
2024-10,Northeast,Industrial,21,232,36280.22,13489.6,0.3718,5.11,0.7143,0.0,0.0
2024-10,Northeast,Office Supplies,34,1635,51545.34,22138.4,0.4295,4.25,0.8529,0.0882,0.0
2024-10,Southeast,Apparel,36,711,29736.29,14401.17,0.4843,4.6,0.5278,0.0556,0.0833
2024-10,Southeast,Electronics,59,282,151681.91,24527.21,0.1617,4.72,0.4237,0.0847,0.0678
2024-10,Southeast,Furniture,26,93,27085.12,8375.69,0.3092,5.87,0.7308,0.0385,0.1154
2024-10,Southeast,Industrial,28,296,57893.78,21809.82,0.3767,4.93,0.75,0.0,0.0
2024-10,Southeast,Office Supplies,23,765,18363.75,7050.11,0.3839,4.37,0.6957,0.0435,0.0435
2024-10,Southwest,Apparel,28,770,31920.38,13585.68,0.4256,5.16,0.8214,0.1429,0.0357
2024-10,Southwest,Electronics,34,170,56219.29,13444.48,0.2391,5.21,0.7941,0.0294,0.0588
2024-10,Southwest,Furniture,26,92,26324.23,5877.45,0.2233,8.34,0.2692,0.0385,0.1538
2024-10,Southwest,Industrial,39,508,86968.04,31475.6,0.3619,6.23,0.8462,0.0256,0.0769
2024-10,Southwest,Office Supplies,25,1223,36687.54,14873.33,0.4054,5.01,0.84,0.04,0.04
2024-10,West,Apparel,34,685,34170.87,15248.62,0.4462,5.68,0.5882,0.2941,0.0588
2024-10,West,Electronics,41,191,92663.87,21760.14,0.2348,5.25,0.6585,0.0244,0.0732
2024-10,West,Furniture,28,88,25958.57,7293.49,0.281,6.75,0.8571,0.0714,0.0357
2024-10,West,Industrial,17,221,40538.15,15565.31,0.384,6.3,0.7647,0.0,0.0588
2024-10,West,Office Supplies,30,1228,38080.3,14988.58,0.3936,5.2,0.7667,0.0333,0.0
2024-11,Midwest,Apparel,27,503,15520.24,6839.22,0.4407,3.24,0.7407,0.1111,0.037
2024-11,Midwest,Electronics,49,189,89024.38,20537.14,0.2307,3.04,0.7755,0.0816,0.0816
2024-11,Midwest,Furniture,20,70,20499.56,6169.03,0.3009,4.62,0.85,0.0,0.0
2024-11,Midwest,Industrial,29,392,72426.74,30353.5,0.4191,4.08,0.9655,0.0,0.0345
2024-11,Midwest,Office Supplies,31,1450,43383.87,18524.45,0.427,3.08,0.8065,0.0323,0.0
2024-11,Northeast,Apparel,34,844,31823.33,13754.03,0.4322,4.29,0.5,0.2059,0.1765
2024-11,Northeast,Electronics,50,241,130343.75,28303.79,0.2171,4.2,0.76,0.08,0.12
2024-11,Northeast,Furniture,22,88,27074.1,7206.52,0.2662,5.44,0.7727,0.1364,0.0909
2024-11,Northeast,Industrial,24,294,52239.52,18520.19,0.3545,4.68,0.7917,0.0833,0.0
2024-11,Northeast,Office Supplies,21,623,19458.93,8262.9,0.4246,4.21,0.7143,0.1429,0.0
2024-11,Southeast,Apparel,37,861,34345.76,15230.01,0.4434,4.08,0.7838,0.0811,0.0541
2024-11,Southeast,Electronics,46,192,93209.11,13702.28,0.147,5.04,0.413,0.0652,0.1304
2024-11,Southeast,Furniture,13,49,16812.7,5303.81,0.3155,6.0,0.6923,0.0,0.0769
2024-11,Southeast,Industrial,13,206,26948.36,10452.65,0.3879,4.53,0.8462,0.0,0.0769
2024-11,Southeast,Office Supplies,33,1835,51759.88,21335.57,0.4122,4.45,0.7273,0.0,0.0909
2024-11,Southwest,Apparel,20,407,15064.73,6941.61,0.4608,5.54,0.6,0.05,0.1
2024-11,Southwest,Electronics,54,254,138415.16,31609.95,0.2284,4.96,0.7037,0.0741,0.0926
2024-11,Southwest,Furniture,25,88,28496.14,6048.51,0.2123,8.22,0.16,0.12,0.2
2024-11,Southwest,Industrial,17,230,56896.88,21731.14,0.3819,5.42,0.7059,0.0,0.0
2024-11,Southwest,Office Supplies,23,1229,45494.92,19446.22,0.4274,5.26,0.7826,0.087,0.0
2024-11,West,Apparel,48,836,35028.11,16146.38,0.461,5.56,0.5625,0.1042,0.1458
2024-11,West,Electronics,25,107,60691.52,10711.56,0.1765,5.2,0.84,0.2,0.0
2024-11,West,Furniture,22,78,21533.84,5922.78,0.275,6.7,0.7727,0.0455,0.0909
2024-11,West,Industrial,21,252,40502.31,15135.26,0.3737,6.62,0.6667,0.0476,0.0952
2024-11,West,Office Supplies,20,830,32287.72,13538.44,0.4193,5.19,0.55,0.05,0.1
2024-12,Midwest,Apparel,31,583,22013.52,10137.62,0.4605,3.56,0.7097,0.1935,0.0645
2024-12,Midwest,Electronics,36,149,73571.08,16863.62,0.2292,3.6,0.5556,0.0278,0.1111
2024-12,Midwest,Furniture,22,58,18383.36,4809.48,0.2616,4.4,0.7727,0.0455,0.0455
2024-12,Midwest,Industrial,36,446,84463.87,35734.52,0.4231,3.93,0.8333,0.0,0.0
2024-12,Midwest,Office Supplies,24,1166,40708.57,17261.97,0.424,3.7,0.5417,0.0417,0.0417
2024-12,Northeast,Apparel,28,641,27628.72,12586.74,0.4556,4.5,0.7143,0.1071,0.0357
2024-12,Northeast,Electronics,60,271,156999.25,36680.31,0.2336,4.54,0.55,0.0667,0.0667
2024-12,Northeast,Furniture,20,80,29829.37,8740.76,0.293,5.92,0.65,0.0,0.05
2024-12,Northeast,Industrial,17,204,40704.79,14030.06,0.3447,5.06,0.7647,0.1176,0.0588
2024-12,Northeast,Office Supplies,41,2179,80819.77,34762.99,0.4301,4.58,0.5854,0.0244,0.0
2024-12,Southeast,Apparel,27,569,22068.53,9852.28,0.4464,4.07,0.7778,0.0741,0.0741
2024-12,Southeast,Electronics,55,235,104533.1,14720.93,0.1408,5.15,0.4909,0.1455,0.1455
2024-12,Southeast,Furniture,15,61,21972.42,6617.93,0.3012,5.71,0.9333,0.0667,0.0
2024-12,Southeast,Industrial,23,283,60561.41,21853.33,0.3608,4.37,0.7826,0.0435,0.0
2024-12,Southeast,Office Supplies,25,1135,30241.83,11935.67,0.3947,4.42,0.76,0.08,0.04
2024-12,Southwest,Apparel,16,320,11756.67,5472.12,0.4654,5.56,0.625,0.0625,0.0
2024-12,Southwest,Electronics,41,209,112418.89,25467.11,0.2265,5.0,0.7073,0.0244,0.0976
2024-12,Southwest,Furniture,18,70,19540.73,4360.86,0.2232,8.91,0.1111,0.0,0.1667
2024-12,Southwest,Industrial,26,294,57276.28,21423.43,0.374,6.27,0.6923,0.0385,0.0385
2024-12,Southwest,Office Supplies,19,760,21304.67,8753.34,0.4109,4.77,0.8947,0.0526,0.0
2024-12,West,Apparel,33,601,20563.4,8226.18,0.4,5.56,0.6364,0.1818,0.0909
2024-12,West,Electronics,38,187,106317.89,20047.21,0.1886,5.16,0.7632,0.1842,0.0789
2024-12,West,Furniture,11,42,12319.75,3561.79,0.2891,6.66,0.9091,0.0,0.0909
2024-12,West,Industrial,18,242,47543.01,18367.69,0.3863,6.28,0.8333,0.0556,0.0556
2024-12,West,Office Supplies,23,1251,36614.75,14191.62,0.3876,5.16,0.6957,0.0435,0.0435
2025-01,Midwest,Apparel,31,607,23857.5,11153.76,0.4675,3.35,0.7419,0.129,0.0645
2025-01,Midwest,Electronics,46,207,105946.24,25684.16,0.2424,3.5,0.6087,0.0435,0.0435
2025-01,Midwest,Furniture,24,83,25508.59,7052.44,0.2765,5.1,0.7083,0.0417,0.0833
2025-01,Midwest,Industrial,30,326,60553.42,24987.08,0.4126,4.17,0.8,0.0,0.0
2025-01,Midwest,Office Supplies,35,1686,65381.34,27208.49,0.4162,3.37,0.6571,0.1714,0.0
2025-01,Northeast,Apparel,25,465,21654.41,10914.2,0.504,4.48,0.52,0.04,0.04
2025-01,Northeast,Electronics,41,183,98093.92,22961.95,0.2341,4.51,0.4878,0.0488,0.0488
2025-01,Northeast,Furniture,24,83,24715.99,6591.07,0.2667,6.95,0.5417,0.125,0.1667
2025-01,Northeast,Industrial,27,299,44704.6,16222.69,0.3629,6.17,0.5926,0.037,0.037
2025-01,Northeast,Office Supplies,39,2189,76891.67,34852.13,0.4533,4.39,0.8205,0.0256,0.0256
2025-01,Southeast,Apparel,31,681,26197.17,11959.36,0.4565,4.4,0.8065,0.1613,0.0
2025-01,Southeast,Electronics,48,217,113438.58,20947.13,0.1847,4.92,0.4167,0.0417,0.0625
2025-01,Southeast,Furniture,24,84,23340.05,6912.54,0.2962,6.3,0.75,0.0417,0.125
2025-01,Southeast,Industrial,23,337,57127.26,20473.21,0.3584,5.0,0.913,0.0435,0.0435
2025-01,Southeast,Office Supplies,24,1200,41059.55,17218.21,0.4193,4.78,0.6667,0.0417,0.0833
2025-01,Southwest,Apparel,23,413,17952.52,8911.68,0.4964,5.31,0.7391,0.0435,0.0435
2025-01,Southwest,Electronics,30,105,67243.7,15953.42,0.2372,5.0,0.8667,0.0667,0.0333
2025-01,Southwest,Furniture,34,135,34881.2,8049.35,0.2308,8.34,0.1176,0.0588,0.1765
2025-01,Southwest,Industrial,23,244,39806.99,13938.68,0.3502,5.68,0.913,0.1304,0.0
2025-01,Southwest,Office Supplies,30,1520,45476.26,18816.31,0.4138,5.49,0.6333,0.0667,0.1
2025-01,West,Apparel,30,510,22482.92,7554.16,0.336,5.73,0.6333,0.3,0.0333
2025-01,West,Electronics,41,183,89280.08,18496.1,0.2072,5.26,0.7561,0.122,0.0488
2025-01,West,Furniture,27,124,44375.3,13365.98,0.3012,6.65,0.8889,0.0,0.037
2025-01,West,Industrial,32,380,59070.87,21454.29,0.3632,6.12,0.7813,0.125,0.0313
2025-01,West,Office Supplies,35,1612,53933.73,23534.41,0.4364,5.89,0.6286,0.0,0.0857
2025-02,Midwest,Apparel,35,632,25512.87,12354.29,0.4842,3.49,0.6286,0.1143,0.0571
2025-02,Midwest,Electronics,33,142,59449.19,12506.15,0.2104,3.58,0.6061,0.0909,0.0909
2025-02,Midwest,Furniture,22,66,20085.41,5578.54,0.2777,5.15,0.7273,0.0455,0.0
2025-02,Midwest,Industrial,32,382,68856.98,30003.35,0.4357,3.67,0.9688,0.0,0.0
2025-02,Midwest,Office Supplies,31,1508,52786.27,22144.99,0.4195,4.01,0.6129,0.0968,0.0323
2025-02,Northeast,Apparel,25,610,27378.87,13523.84,0.494,4.43,0.72,0.04,0.04
2025-02,Northeast,Electronics,32,141,77083.49,18888.17,0.245,3.94,0.8125,0.0313,0.0625
2025-02,Northeast,Furniture,24,74,22570.24,6657.12,0.295,5.95,0.7917,0.125,0.0
2025-02,Northeast,Industrial,25,252,39565.1,14167.99,0.3581,5.61,0.6,0.12,0.08
2025-02,Northeast,Office Supplies,34,1583,38227.67,15920.05,0.4165,4.36,0.7647,0.0294,0.0294
2025-02,Southeast,Apparel,22,478,19194.82,8715.08,0.454,3.6,0.9091,0.1364,0.0455
2025-02,Southeast,Electronics,51,251,129478.61,22977.49,0.1775,4.74,0.4706,0.0392,0.0392
2025-02,Southeast,Furniture,16,49,17546.26,5036.24,0.287,6.31,0.8125,0.0,0.0
2025-02,Southeast,Industrial,19,189,19984.36,7275.67,0.3641,5.01,0.7368,0.0526,0.0526
2025-02,Southeast,Office Supplies,32,1608,46758.04,19460.67,0.4162,4.3,0.8438,0.0,0.0
2025-02,Southwest,Apparel,18,346,14571.11,6282.91,0.4312,4.92,0.7778,0.0556,0.1111
2025-02,Southwest,Electronics,35,159,97343.78,22542.07,0.2316,4.81,0.7714,0.0,0.0571
2025-02,Southwest,Furniture,25,83,29711.93,6448.55,0.217,8.62,0.12,0.12,0.12
2025-02,Southwest,Industrial,28,311,58646.33,20470.14,0.349,5.85,0.75,0.0357,0.0
2025-02,Southwest,Office Supplies,24,985,29335.16,11652.66,0.3972,5.29,0.8333,0.0,0.0
2025-02,West,Apparel,28,559,26533.04,9611.85,0.3623,5.29,0.6786,0.3214,0.0357
2025-02,West,Electronics,36,129,62610.64,14787.08,0.2362,5.45,0.75,0.0556,0.0278
2025-02,West,Furniture,19,69,22420.88,6123.81,0.2731,7.23,0.6316,0.1053,0.0526
2025-02,West,Industrial,15,173,33395.84,12509.89,0.3746,6.04,0.8667,0.0667,0.0
2025-02,West,Office Supplies,19,995,38901.09,16987.77,0.4367,5.32,0.7895,0.1053,0.1053
2025-03,Midwest,Apparel,30,674,26645.85,12396.37,0.4652,3.01,0.8,0.1333,0.0
2025-03,Midwest,Electronics,41,147,75079.45,16229.53,0.2162,3.58,0.4878,0.122,0.0976
2025-03,Midwest,Furniture,25,86,28961.57,8224.95,0.284,4.6,0.84,0.08,0.04
2025-03,Midwest,Industrial,41,458,71109.17,28228.66,0.397,3.86,0.9268,0.0732,0.0732
2025-03,Midwest,Office Supplies,29,1542,66114.69,27842.19,0.4211,3.07,0.7241,0.069,0.0345
2025-03,Northeast,Apparel,26,537,22673.82,10777.7,0.4753,4.2,0.7692,0.0385,0.0
2025-03,Northeast,Electronics,40,173,87760.86,21285.87,0.2425,3.72,0.9,0.025,0.025
2025-03,Northeast,Furniture,34,133,39107.65,11137.06,0.2848,6.03,0.7647,0.1176,0.0
2025-03,Northeast,Industrial,30,313,52526.17,18692.82,0.3559,5.06,0.7333,0.0,0.0667
2025-03,Northeast,Office Supplies,36,2011,66195.14,29242.27,0.4418,4.28,0.7778,0.0278,0.0278
2025-03,Southeast,Apparel,38,727,28654.95,13825.4,0.4825,4.57,0.7105,0.1316,0.0526
2025-03,Southeast,Electronics,51,206,97545.8,14667.89,0.1504,4.69,0.549,0.1961,0.1176
2025-03,Southeast,Furniture,23,79,25945.54,7930.94,0.3057,6.52,0.6957,0.0435,0.1739
2025-03,Southeast,Industrial,30,390,79726.9,27625.71,0.3465,5.6,0.6667,0.0333,0.0667
2025-03,Southeast,Office Supplies,37,1439,52015.01,21514.29,0.4136,4.13,0.8378,0.0,0.0
2025-03,Southwest,Apparel,18,320,13940.58,6302.17,0.4521,4.97,0.6667,0.1111,0.0556
2025-03,Southwest,Electronics,34,181,95494.69,22070.93,0.2311,4.94,0.7941,0.0588,0.1176
2025-03,Southwest,Furniture,31,112,34416.47,6973.02,0.2026,8.47,0.1935,0.1613,0.0968
2025-03,Southwest,Industrial,37,466,81509.27,28728.47,0.3525,6.34,0.7027,0.0811,0.1351
2025-03,Southwest,Office Supplies,18,1006,34224.59,15000.21,0.4383,5.53,0.6111,0.1111,0.0
2025-03,West,Apparel,27,443,18530.63,7171.71,0.387,5.68,0.6667,0.1852,0.0741
2025-03,West,Electronics,40,152,82170.45,19323.2,0.2352,4.9,0.75,0.05,0.05
2025-03,West,Furniture,19,65,24309.31,7259.3,0.2986,6.98,0.7895,0.0526,0.0526
2025-03,West,Industrial,22,290,40184.87,15060.04,0.3748,5.89,0.9091,0.0455,0.0455
2025-03,West,Office Supplies,27,1211,41396.44,18232.07,0.4404,5.64,0.7037,0.0741,0.037
2025-04,Midwest,Apparel,26,479,21583.25,9742.68,0.4514,2.78,0.7308,0.1154,0.0
2025-04,Midwest,Electronics,38,150,72636.19,15892.38,0.2188,3.58,0.6316,0.0789,0.0789
2025-04,Midwest,Furniture,35,131,42549.39,11978.26,0.2815,5.19,0.6571,0.0,0.0857
2025-04,Midwest,Industrial,23,337,44869.68,18504.78,0.4124,3.75,1.0,0.0,0.0
2025-04,Midwest,Office Supplies,28,1337,43449.81,17712.26,0.4076,3.61,0.6071,0.0,0.0
2025-04,Northeast,Apparel,37,610,27379.92,13144.18,0.4801,3.96,0.7838,0.027,0.027
2025-04,Northeast,Electronics,34,140,57576.75,13858.65,0.2407,4.19,0.7941,0.0588,0.0588
2025-04,Northeast,Furniture,33,106,32151.97,8787.02,0.2733,6.16,0.6667,0.1212,0.1212
2025-04,Northeast,Industrial,30,430,74397.27,27817.13,0.3739,4.48,0.8333,0.0333,0.0667
2025-04,Northeast,Office Supplies,37,1903,79892.74,36181.6,0.4529,4.01,0.8919,0.027,0.0
2025-04,Southeast,Apparel,21,383,12055.92,5754.78,0.4773,3.83,0.7619,0.0476,0.0476
2025-04,Southeast,Electronics,52,223,95813.65,14911.8,0.1556,4.73,0.5385,0.1923,0.0577
2025-04,Southeast,Furniture,28,99,35665.63,10515.98,0.2948,6.24,0.7143,0.0357,0.0714
2025-04,Southeast,Industrial,20,193,39634.9,13532.01,0.3414,5.26,0.75,0.1,0.1
2025-04,Southeast,Office Supplies,38,1901,74992.27,31177.44,0.4157,4.22,0.8947,0.0789,0.0
2025-04,Southwest,Apparel,16,296,12669.14,5836.3,0.4607,5.06,0.625,0.0625,0.0
2025-04,Southwest,Electronics,24,124,60255.7,14027.09,0.2328,5.1,0.75,0.0833,0.0833
2025-04,Southwest,Furniture,22,73,20582.29,4098.44,0.1991,8.58,0.1818,0.2273,0.1364
2025-04,Southwest,Industrial,15,133,15691.94,5318.34,0.3389,5.61,0.8,0.0667,0.0
2025-04,Southwest,Office Supplies,27,1457,46979.36,19420.24,0.4134,5.41,0.7407,0.037,0.037
2025-04,West,Apparel,38,725,29884.88,13149.69,0.44,5.69,0.4737,0.1053,0.1053
2025-04,West,Electronics,34,153,73190.04,17655.54,0.2412,5.5,0.7941,0.0294,0.0588
2025-04,West,Furniture,31,131,44385.41,13122.31,0.2956,6.91,0.6452,0.0323,0.0968
2025-04,West,Industrial,14,184,43168.15,16578.65,0.384,6.55,0.7857,0.0,0.0
2025-04,West,Office Supplies,20,1056,44779.35,19400.56,0.4332,5.36,0.8,0.05,0.05
2025-05,Midwest,Apparel,26,584,20544.84,9858.21,0.4798,3.0,0.8462,0.0769,0.0
2025-05,Midwest,Electronics,31,130,62317.19,13143.11,0.2109,3.06,0.8387,0.0645,0.0645
2025-05,Midwest,Furniture,33,113,39882.79,11530.23,0.2891,4.52,0.8485,0.0303,0.0303
2025-05,Midwest,Industrial,37,402,69275.62,27960.97,0.4036,3.51,0.973,0.0,0.027
2025-05,Midwest,Office Supplies,35,1409,42786.71,18467.39,0.4316,3.58,0.6571,0.1429,0.0857
2025-05,Northeast,Apparel,26,509,21513.15,8885.8,0.413,4.1,0.7692,0.1154,0.0385
2025-05,Northeast,Electronics,52,251,126727.12,27885.08,0.22,4.18,0.6923,0.0769,0.0385
2025-05,Northeast,Furniture,35,118,39360.84,9798.19,0.2489,5.91,0.7143,0.1143,0.1143
2025-05,Northeast,Industrial,34,319,48177.71,17234.5,0.3577,5.26,0.6471,0.0,0.0294
2025-05,Northeast,Office Supplies,42,1950,66321.54,29313.18,0.442,4.45,0.7857,0.0714,0.0238
2025-05,Southeast,Apparel,27,501,17701.13,7849.63,0.4435,3.9,0.7778,0.0741,0.0
2025-05,Southeast,Electronics,55,228,129395.7,15814.39,0.1222,5.01,0.4,0.1455,0.1818
2025-05,Southeast,Furniture,29,93,30707.0,8520.11,0.2775,6.31,0.6552,0.069,0.069
2025-05,Southeast,Industrial,30,372,55916.64,21472.04,0.384,5.54,0.7,0.0,0.0333
2025-05,Southeast,Office Supplies,24,1040,33856.63,13312.67,0.3932,4.15,0.75,0.0,0.125
2025-05,Southwest,Apparel,15,276,13825.29,5667.01,0.4099,5.25,0.6667,0.2,0.0667
2025-05,Southwest,Electronics,40,182,79681.32,19677.02,0.2469,5.26,0.725,0.075,0.1
2025-05,Southwest,Furniture,34,126,38156.77,9159.86,0.2401,8.32,0.2059,0.0588,0.2059
2025-05,Southwest,Industrial,18,194,23218.39,7588.2,0.3268,5.97,0.8889,0.2222,0.0
2025-05,Southwest,Office Supplies,25,1144,37328.67,14718.02,0.3943,5.13,0.88,0.12,0.08
2025-05,West,Apparel,36,575,22046.08,8218.84,0.3728,5.53,0.6111,0.3333,0.1667
2025-05,West,Electronics,36,151,87361.33,19865.54,0.2274,4.81,0.8889,0.0278,0.0
2025-05,West,Furniture,24,87,22406.5,6544.65,0.2921,6.73,0.7917,0.0833,0.0
2025-05,West,Industrial,21,265,33638.89,11609.39,0.3451,5.94,0.8571,0.0952,0.0
2025-05,West,Office Supplies,35,1685,59619.19,25303.48,0.4244,5.07,0.7714,0.0571,0.0
2025-06,Midwest,Apparel,25,629,25078.92,12108.19,0.4828,3.22,0.88,0.08,0.0
2025-06,Midwest,Electronics,31,147,72921.84,16539.95,0.2268,3.31,0.7419,0.0968,0.0323
2025-06,Midwest,Furniture,25,89,29302.29,8250.05,0.2815,4.86,0.8,0.04,0.0
2025-06,Midwest,Industrial,38,492,82401.04,31714.91,0.3849,3.52,0.9211,0.0263,0.0263
2025-06,Midwest,Office Supplies,28,1297,41520.03,18283.46,0.4404,3.42,0.6786,0.0357,0.0357
2025-06,Northeast,Apparel,32,535,23241.87,10680.89,0.4596,4.24,0.875,0.0625,0.0
2025-06,Northeast,Electronics,36,149,67698.79,15435.29,0.228,4.24,0.75,0.0556,0.0278
2025-06,Northeast,Furniture,25,86,27750.91,7956.97,0.2867,5.75,0.8,0.04,0.2
2025-06,Northeast,Industrial,45,552,95965.37,36277.94,0.378,5.3,0.8,0.0667,0.0222
2025-06,Northeast,Office Supplies,33,1397,48328.9,21702.81,0.4491,4.35,0.7576,0.0606,0.0
2025-06,Southeast,Apparel,27,488,19891.18,9215.69,0.4633,4.12,0.7407,0.0741,0.037
2025-06,Southeast,Electronics,47,192,100231.52,13916.01,0.1388,5.02,0.5106,0.0851,0.1702
2025-06,Southeast,Furniture,25,103,35636.27,10331.85,0.2899,5.91,0.84,0.08,0.08
2025-06,Southeast,Industrial,32,372,75667.2,27923.09,0.369,4.89,0.6875,0.0,0.0938
2025-06,Southeast,Office Supplies,17,937,28244.5,11562.75,0.4094,4.0,0.8824,0.0,0.0
2025-06,Southwest,Apparel,19,469,17485.08,8560.81,0.4896,5.13,0.8421,0.0,0.0
2025-06,Southwest,Electronics,26,120,75883.85,18339.85,0.2417,4.73,0.8462,0.1154,0.0385
2025-06,Southwest,Furniture,31,81,24595.22,5303.22,0.2156,8.44,0.2581,0.0968,0.0968
2025-06,Southwest,Industrial,26,312,52952.75,18353.35,0.3466,6.32,0.6538,0.1538,0.1923
2025-06,Southwest,Office Supplies,24,1130,37521.42,15083.33,0.402,5.26,0.6667,0.1667,0.0
2025-06,West,Apparel,39,868,30384.67,12832.15,0.4223,5.49,0.5385,0.1538,0.1026
2025-06,West,Electronics,33,159,93076.05,20079.27,0.2157,5.13,0.7879,0.0909,0.0909
2025-06,West,Furniture,25,74,22565.56,6144.97,0.2723,7.15,0.76,0.04,0.08
2025-06,West,Industrial,30,420,68485.38,25765.14,0.3762,6.44,0.7,0.0333,0.1
2025-06,West,Office Supplies,22,936,26937.59,10708.18,0.3975,5.41,0.6364,0.0909,0.0
2025-07,Midwest,Apparel,25,562,28414.66,13601.45,0.4787,3.26,0.64,0.04,0.04
2025-07,Midwest,Electronics,45,197,99957.79,20064.46,0.2007,2.96,0.7778,0.1333,0.0
2025-07,Midwest,Furniture,18,64,22495.91,6005.33,0.267,5.08,0.7778,0.0556,0.1111
2025-07,Midwest,Industrial,31,323,69589.3,28201.85,0.4053,3.61,0.9355,0.0323,0.0645
2025-07,Midwest,Office Supplies,30,1383,50482.17,20849.45,0.413,3.35,0.6667,0.0333,0.0667
2025-07,Northeast,Apparel,26,599,21577.92,10113.76,0.4687,4.22,0.5769,0.0769,0.0769
2025-07,Northeast,Electronics,43,181,80750.06,18917.06,0.2343,4.17,0.7907,0.0698,0.0465
2025-07,Northeast,Furniture,21,73,19182.99,4899.41,0.2554,6.51,0.6667,0.0952,0.0476
2025-07,Northeast,Industrial,32,334,47583.65,17429.79,0.3663,5.45,0.75,0.0313,0.125
2025-07,Northeast,Office Supplies,42,1839,49897.93,20364.66,0.4081,3.96,0.9048,0.0952,0.0238
2025-07,Southeast,Apparel,22,460,16538.21,7859.42,0.4752,4.36,0.7273,0.1818,0.0455
2025-07,Southeast,Electronics,46,227,88839.14,13478.27,0.1517,4.8,0.4565,0.087,0.1087
2025-07,Southeast,Furniture,19,63,17865.13,4879.6,0.2731,6.38,0.7895,0.0526,0.0526
2025-07,Southeast,Industrial,27,272,49872.19,17889.0,0.3587,4.99,0.7778,0.0,0.0741
2025-07,Southeast,Office Supplies,22,1111,32243.28,13086.63,0.4059,4.25,0.6818,0.0,0.0455
2025-07,Southwest,Apparel,24,605,25365.54,12122.8,0.4779,5.14,0.6667,0.0417,0.0417
2025-07,Southwest,Electronics,34,143,71332.83,16725.3,0.2345,4.72,0.8235,0.0882,0.0294
2025-07,Southwest,Furniture,29,80,21740.87,4763.46,0.2191,8.61,0.1034,0.0345,0.2069
2025-07,Southwest,Industrial,25,331,56135.6,20284.82,0.3614,6.06,0.88,0.04,0.0
2025-07,Southwest,Office Supplies,32,1895,64384.92,28294.66,0.4395,5.5,0.6875,0.0,0.0
2025-07,West,Apparel,27,539,18550.13,7572.7,0.4082,5.6,0.4444,0.2222,0.037
2025-07,West,Electronics,48,204,105608.41,24021.24,0.2275,5.11,0.7917,0.0625,0.0208
2025-07,West,Furniture,22,71,22499.55,6280.97,0.2792,7.04,0.7273,0.0,0.0
2025-07,West,Industrial,31,401,73475.69,27510.6,0.3744,5.88,0.8065,0.0323,0.0323
2025-07,West,Office Supplies,30,1389,46917.88,19698.21,0.4198,5.3,0.8667,0.0667,0.0
2025-08,Midwest,Apparel,23,391,15087.81,7383.68,0.4894,3.22,0.8261,0.0,0.1304
2025-08,Midwest,Electronics,43,166,85403.97,20474.07,0.2397,3.3,0.6977,0.0233,0.0465
2025-08,Midwest,Furniture,23,85,26307.09,7344.2,0.2792,4.64,0.7391,0.0435,0.0
2025-08,Midwest,Industrial,33,382,62170.91,26513.66,0.4265,4.04,0.8788,0.0,0.0303
2025-08,Midwest,Office Supplies,32,1344,45728.22,19154.63,0.4189,3.37,0.7188,0.0313,0.0625
2025-08,Northeast,Apparel,28,549,24136.45,11889.52,0.4926,4.0,0.75,0.0714,0.0357
2025-08,Northeast,Electronics,37,132,55463.57,11515.47,0.2076,3.97,0.7568,0.0541,0.027
2025-08,Northeast,Furniture,20,67,21866.39,5881.55,0.269,6.03,0.8,0.05,0.0
2025-08,Northeast,Industrial,25,348,57968.33,21786.44,0.3758,5.59,0.76,0.0,0.04
2025-08,Northeast,Office Supplies,52,2769,97249.24,42906.65,0.4412,4.28,0.8269,0.0385,0.0769
2025-08,Southeast,Apparel,25,603,24463.05,11729.02,0.4795,4.69,0.68,0.08,0.04
2025-08,Southeast,Electronics,48,201,77393.6,12258.37,0.1584,4.62,0.3958,0.0625,0.0417
2025-08,Southeast,Furniture,15,54,17992.38,5417.76,0.3011,5.97,0.7333,0.0,0.0
2025-08,Southeast,Industrial,37,461,68870.51,24731.49,0.3591,5.23,0.6757,0.0811,0.027
2025-08,Southeast,Office Supplies,37,1954,70241.96,28803.43,0.4101,4.62,0.6486,0.027,0.0811
2025-08,Southwest,Apparel,22,448,14918.14,6960.9,0.4666,5.57,0.7727,0.0909,0.0455
2025-08,Southwest,Electronics,45,239,113151.09,25176.19,0.2225,5.13,0.7111,0.0889,0.0667
2025-08,Southwest,Furniture,24,83,24511.33,5390.19,0.2199,8.36,0.0833,0.1667,0.1667
2025-08,Southwest,Industrial,23,269,57464.01,19908.21,0.3464,5.88,0.8261,0.1304,0.0
2025-08,Southwest,Office Supplies,31,1430,57225.34,23798.25,0.4159,5.28,0.6774,0.0968,0.0968
2025-08,West,Apparel,25,396,13220.33,4960.37,0.3752,5.64,0.68,0.28,0.04
2025-08,West,Electronics,27,111,50069.93,10641.44,0.2125,5.25,0.7778,0.1481,0.1111
2025-08,West,Furniture,21,58,17140.81,4494.4,0.2622,6.99,0.7143,0.1905,0.0952
2025-08,West,Industrial,27,330,68915.12,25757.43,0.3738,6.03,0.8148,0.037,0.0741
2025-08,West,Office Supplies,23,958,36950.8,16927.9,0.4581,5.04,0.8261,0.0,0.087
2025-09,Midwest,Apparel,25,461,15274.9,6829.16,0.4471,3.14,0.84,0.08,0.04
2025-09,Midwest,Electronics,43,187,103781.75,25508.64,0.2458,3.41,0.6279,0.0233,0.0
2025-09,Midwest,Furniture,20,85,25101.91,7464.53,0.2974,4.78,0.75,0.0,0.0
2025-09,Midwest,Industrial,41,544,97288.22,38552.21,0.3963,3.66,0.9024,0.0244,0.0488
2025-09,Midwest,Office Supplies,34,1667,54732.04,23196.06,0.4238,3.23,0.7941,0.0294,0.0294
2025-09,Northeast,Apparel,30,489,19280.88,9247.96,0.4796,4.41,0.7667,0.0667,0.0
2025-09,Northeast,Electronics,40,170,70417.09,17486.38,0.2483,4.19,0.8,0.0,0.0
2025-09,Northeast,Furniture,25,88,27090.38,7166.92,0.2646,5.9,0.84,0.08,0.04
2025-09,Northeast,Industrial,19,216,27540.58,10209.27,0.3707,4.85,0.7368,0.0,0.1053
2025-09,Northeast,Office Supplies,50,2062,66582.29,28822.59,0.4329,4.3,0.84,0.02,0.02
2025-09,Southeast,Apparel,17,407,17887.47,7509.5,0.4198,4.11,0.8235,0.1765,0.0
2025-09,Southeast,Electronics,37,196,123818.94,20012.83,0.1616,5.74,0.1622,0.1351,0.0541
2025-09,Southeast,Furniture,14,58,17494.69,5242.02,0.2996,6.13,0.7857,0.0,0.0
2025-09,Southeast,Industrial,27,338,56571.53,21437.69,0.3789,5.55,0.5556,0.0,0.037
2025-09,Southeast,Office Supplies,29,1446,54358.17,23677.7,0.4356,4.33,0.7241,0.069,0.1034
2025-09,Southwest,Apparel,21,409,16243.72,7618.56,0.469,5.31,0.8095,0.0476,0.0476
2025-09,Southwest,Electronics,27,120,61184.24,11891.48,0.1944,5.07,0.8519,0.1481,0.0
2025-09,Southwest,Furniture,25,97,33213.38,4798.01,0.1445,8.54,0.2,0.28,0.2
2025-09,Southwest,Industrial,14,154,29232.78,10614.51,0.3631,5.98,0.8571,0.0,0.0
2025-09,Southwest,Office Supplies,34,1739,50954.61,21657.04,0.425,5.32,0.6176,0.0588,0.0588
2025-09,West,Apparel,31,495,18248.24,6875.16,0.3768,5.75,0.4839,0.3871,0.0323
2025-09,West,Electronics,43,175,84661.46,19411.95,0.2293,5.19,0.7209,0.0465,0.0465
2025-09,West,Furniture,19,71,24322.79,6981.94,0.2871,7.3,0.5263,0.0526,0.0
2025-09,West,Industrial,18,208,38757.71,15245.07,0.3933,6.27,0.6667,0.0,0.1111
2025-09,West,Office Supplies,30,1214,47564.52,19482.91,0.4096,5.49,0.7,0.0333,0.1
2025-10,Midwest,Apparel,30,540,23273.84,10750.37,0.4619,3.37,0.7333,0.2333,0.1333
2025-10,Midwest,Electronics,31,149,78607.4,17676.92,0.2249,3.06,0.8065,0.0645,0.0323
2025-10,Midwest,Furniture,26,91,27990.87,8098.64,0.2893,4.74,0.8462,0.0,0.0769
2025-10,Midwest,Industrial,42,537,96308.23,39122.34,0.4062,3.24,0.9762,0.0,0.0
2025-10,Midwest,Office Supplies,28,1471,42344.68,16024.2,0.3784,3.73,0.7857,0.0714,0.0714
2025-10,Northeast,Apparel,25,420,18730.64,8303.29,0.4433,4.36,0.8,0.16,0.12
2025-10,Northeast,Electronics,40,168,78670.48,16611.34,0.2112,4.15,0.65,0.1,0.075
2025-10,Northeast,Furniture,27,109,33483.94,10452.01,0.3121,5.96,0.7778,0.0,0.037
2025-10,Northeast,Industrial,34,437,94564.51,35887.5,0.3795,5.51,0.6765,0.0588,0.0588
2025-10,Northeast,Office Supplies,33,1558,63978.27,28372.08,0.4435,4.24,0.8182,0.0606,0.0
2025-10,Southeast,Apparel,30,602,23749.14,10847.85,0.4568,4.29,0.6667,0.0667,0.1667
2025-10,Southeast,Electronics,42,173,78820.1,11629.16,0.1475,4.73,0.4762,0.0714,0.0952
2025-10,Southeast,Furniture,19,73,23212.18,6174.41,0.266,6.18,0.6842,0.1053,0.1053
2025-10,Southeast,Industrial,30,311,56128.84,20304.59,0.3617,5.77,0.7,0.1,0.0667
2025-10,Southeast,Office Supplies,36,1946,63296.17,26900.52,0.425,4.19,0.8056,0.0833,0.0833
2025-10,Southwest,Apparel,27,377,18511.57,8728.37,0.4715,5.54,0.5556,0.1111,0.1481
2025-10,Southwest,Electronics,36,169,74593.38,16665.49,0.2234,5.3,0.75,0.0833,0.0556
2025-10,Southwest,Furniture,31,126,42211.61,8440.62,0.2,8.6,0.129,0.0968,0.0645
2025-10,Southwest,Industrial,25,337,64477.55,23824.93,0.3695,6.08,0.84,0.0,0.04
2025-10,Southwest,Office Supplies,24,1131,35284.67,14588.78,0.4135,5.13,0.75,0.0417,0.0417
2025-10,West,Apparel,41,839,26948.21,11221.51,0.4164,5.53,0.7073,0.2195,0.0488
2025-10,West,Electronics,32,130,68814.6,16714.39,0.2429,5.34,0.7188,0.0313,0.0313
2025-10,West,Furniture,26,85,27405.0,7910.31,0.2886,7.13,0.8077,0.0,0.0385
2025-10,West,Industrial,31,372,59674.55,21694.49,0.3635,6.52,0.7419,0.0,0.0645
2025-10,West,Office Supplies,28,1234,42187.44,17463.96,0.414,5.35,0.7857,0.1071,0.0714
2025-11,Midwest,Apparel,30,646,24693.46,11556.27,0.468,3.04,0.7333,0.0,0.0667
2025-11,Midwest,Electronics,39,162,98917.94,23291.3,0.2355,3.27,0.7436,0.1026,0.1026
2025-11,Midwest,Furniture,30,121,34699.02,9932.84,0.2863,4.88,0.7667,0.0,0.0667
2025-11,Midwest,Industrial,28,305,64740.0,27372.86,0.4228,3.58,0.9643,0.0,0.0
2025-11,Midwest,Office Supplies,33,1840,69541.15,29540.75,0.4248,2.99,0.6364,0.0606,0.0
2025-11,Northeast,Apparel,48,992,36329.13,16601.85,0.457,4.34,0.7083,0.0833,0.0208
2025-11,Northeast,Electronics,36,170,106662.93,23615.22,0.2214,4.39,0.8056,0.0833,0.0556
2025-11,Northeast,Furniture,26,90,26232.99,6931.26,0.2642,5.8,0.7692,0.0385,0.0
2025-11,Northeast,Industrial,35,393,62727.03,22029.51,0.3512,5.35,0.6286,0.0857,0.1429
2025-11,Northeast,Office Supplies,36,1825,65074.01,28984.52,0.4454,4.01,0.9167,0.0278,0.0278
2025-11,Southeast,Apparel,27,555,22416.02,9084.14,0.4053,4.24,0.7407,0.1852,0.0
2025-11,Southeast,Electronics,47,190,117102.41,20533.86,0.1753,5.71,0.2979,0.0,0.2128
2025-11,Southeast,Furniture,22,78,25786.68,7421.02,0.2878,5.83,0.8182,0.0909,0.0
2025-11,Southeast,Industrial,23,313,55211.0,20909.18,0.3787,5.55,0.6522,0.087,0.0435
2025-11,Southeast,Office Supplies,21,710,21664.52,8921.8,0.4118,3.68,0.9048,0.0,0.0
2025-11,Southwest,Apparel,22,457,15365.76,7145.16,0.465,5.53,0.5909,0.0909,0.0909
2025-11,Southwest,Electronics,56,259,131751.44,30509.84,0.2316,5.17,0.7321,0.0179,0.1071
2025-11,Southwest,Furniture,28,90,26094.83,4394.34,0.1684,8.97,0.1429,0.1786,0.1786
2025-11,Southwest,Industrial,29,350,61525.52,21542.77,0.3501,6.44,0.7586,0.0345,0.1034
2025-11,Southwest,Office Supplies,23,1206,40600.7,17708.54,0.4362,5.45,0.8261,0.0,0.0435
2025-11,West,Apparel,37,686,32628.38,14697.36,0.4504,5.88,0.4595,0.1622,0.0541
2025-11,West,Electronics,33,173,106795.9,26119.74,0.2446,5.18,0.8182,0.0303,0.0303
2025-11,West,Furniture,17,62,21119.64,6564.43,0.3108,7.86,0.4118,0.0588,0.1176
2025-11,West,Industrial,28,308,45501.73,15784.47,0.3469,5.6,0.75,0.0714,0.0357
2025-11,West,Office Supplies,28,1624,49451.95,20956.52,0.4238,5.34,0.8214,0.0357,0.0
2025-12,Midwest,Apparel,30,642,27453.77,12988.77,0.4731,3.12,0.5667,0.0333,0.0667
2025-12,Midwest,Electronics,44,203,116153.49,26573.05,0.2288,3.33,0.6591,0.0455,0.0909
2025-12,Midwest,Furniture,32,118,33267.11,9276.56,0.2789,4.94,0.6875,0.0625,0.0625
2025-12,Midwest,Industrial,43,576,95826.07,39457.47,0.4118,3.65,0.8837,0.0,0.0465
2025-12,Midwest,Office Supplies,17,590,20290.99,8324.95,0.4103,3.48,0.6471,0.0,0.0588
2025-12,Northeast,Apparel,29,645,22892.47,10368.25,0.4529,4.53,0.6552,0.069,0.069
2025-12,Northeast,Electronics,38,165,91119.56,19305.48,0.2119,4.72,0.6579,0.0526,0.1053
2025-12,Northeast,Furniture,27,114,41857.57,12504.16,0.2987,6.21,0.6667,0.037,0.0
2025-12,Northeast,Industrial,31,366,55513.34,20420.91,0.3679,5.29,0.6774,0.0645,0.0968
2025-12,Northeast,Office Supplies,24,1056,39367.61,16686.89,0.4239,4.5,0.7083,0.0417,0.0
2025-12,Southeast,Apparel,27,584,27496.83,13425.54,0.4883,4.38,0.8148,0.1111,0.0741
2025-12,Southeast,Electronics,63,241,131680.65,19754.86,0.15,4.89,0.4444,0.1111,0.1587
2025-12,Southeast,Furniture,32,138,41588.3,11409.62,0.2743,5.64,0.75,0.2188,0.0
2025-12,Southeast,Industrial,27,347,65413.81,24964.63,0.3816,5.06,0.7778,0.0,0.037
2025-12,Southeast,Office Supplies,36,1303,38957.47,15701.4,0.403,4.59,0.75,0.0833,0.0278
2025-12,Southwest,Apparel,26,422,13924.45,5046.74,0.3624,5.43,0.7692,0.2692,0.0769
2025-12,Southwest,Electronics,41,171,81579.95,17361.0,0.2128,5.34,0.7561,0.0244,0.0732
2025-12,Southwest,Furniture,15,62,17207.72,3415.97,0.1985,8.48,0.1333,0.0667,0.0667
2025-12,Southwest,Industrial,18,241,42233.87,15368.69,0.3639,5.91,0.7222,0.0,0.1111
2025-12,Southwest,Office Supplies,25,1358,45281.55,17787.0,0.3928,5.62,0.68,0.04,0.08
2025-12,West,Apparel,26,596,21904.0,8641.86,0.3945,5.4,0.7308,0.1923,0.0
2025-12,West,Electronics,46,181,109362.02,21726.49,0.1987,4.94,0.7826,0.0652,0.087
2025-12,West,Furniture,17,59,19968.65,5511.03,0.276,6.68,0.8235,0.1176,0.0
2025-12,West,Industrial,34,385,84813.62,31946.77,0.3767,6.4,0.6471,0.0882,0.0294
2025-12,West,Office Supplies,26,1551,58333.67,25339.38,0.4344,5.88,0.7308,0.0385,0.0
